complexity,loss,equation,score,sympy format,lambda_format,Filename
7,8.3236085e-14,((x0 * 6.2831855) / x1) / x2,15.435773898952554,x0*6.2831855/(x1*x2),PySRFunction(X=>x0*6.2831855/(x1*x2)),III.15.27
3,0.6020358,x3 * x2,1.8818068380149877,x2*x3,PySRFunction(X=>x2*x3),III.4.33
7,8.1128883e-14,6.2831855 / ((x2 * x1) / x0),15.44778504145671,6.2831855/((x1*x2/x0)),PySRFunction(X=>6.2831855/((x1*x2/x0))),III.15.27
3,0.6020358,x2 * x3,1.8818092657457774,x2*x3,PySRFunction(X=>x2*x3),III.4.33
9,5.888473,((x3 ^ x2) + (x1 ^ x3)) * x0,0.9290239178587435,x0*(x1**x3 + x3**x2),PySRFunction(X=>x0*(x1**x3 + x3**x2)),I.24.6
16,28.357622,(((x0 + x2) - x3) * (x1 / 0.28388748)) * (cos(x5 - x4) + 0.8048812),0.3914394887131249,x1*(cos(-x4 + x5) + 0.8048812)*(x0 + x2 - x3)/0.28388748,PySRFunction(X=>x1*(cos(-x4 + x5) + 0.8048812)*(x0 + x2 - x3)/0.28388748),III.9.52
9,0.0057840566,x2 - (x1 * (x2 / (1.0136098 - x0))),1.3229269781561632,-x1*x2/(1.0136098 - x0) + x2,PySRFunction(X=>-x1*x2/(1.0136098 - x0) + x2),I.34.14
