{"_runtime":0,"_step":7,"acc":0.8678020714323808,"loss":0.09798611033760452,"_timestamp":1.7698149764279456e+09,"_wandb":{"runtime":0}}